,Iteration,Loss,Accuracy
0,1,0.35030612349510193,0.870543897151947
1,2,0.3182514011859894,0.8752289414405823
2,3,0.5668026804924011,0.774587869644165
3,4,0.5580213069915771,0.7820557951927185
4,5,1.138231873512268,0.8311963081359863
