,Iteration,Loss,Accuracy
0,1,0.8319549560546875,0.6680287718772888
1,2,0.6907895803451538,0.7067422866821289
2,3,0.680270791053772,0.7121318578720093
3,4,0.813368558883667,0.6459771990776062
4,5,0.7836458683013916,0.6591165065765381
5,6,0.9697378277778625,0.6668663024902344
