,Iteration,Loss,Accuracy
0,1,0.8346540927886963,0.6674651503562927
1,2,0.6880972385406494,0.7081513404846191
2,3,0.6839743852615356,0.7088558673858643
3,4,0.7899882793426514,0.6514372229576111
4,5,0.793960452079773,0.6546075940132141
5,6,1.0087584257125854,0.6674651503562927
